<?xml version="1.0" encoding="UTF-8" ?>
<!-- This is a WordPress eXtended RSS file generated by WordPress as an export of your site. -->
<!-- It contains information about your site's posts, pages, comments, categories, and other content. -->
<!-- You may use this file to transfer that content from one site to another. -->
<!-- This file is not intended to serve as a complete backup of your site. -->

<!-- To import this information into a WordPress site follow these steps: -->
<!-- 1. Log in to that site as an administrator. -->
<!-- 2. Go to Tools: Import in the WordPress admin panel. -->
<!-- 3. Install the "WordPress" importer from the list. -->
<!-- 4. Activate & Run Importer. -->
<!-- 5. Upload this file using the form provided on that page. -->
<!-- 6. You will first be asked to map the authors in this export file to users -->
<!--    on the site. For each author, you may choose to map to an -->
<!--    existing user on the site or to create a new user. -->
<!-- 7. WordPress will then import each of the posts, pages, comments, categories, etc. -->
<!--    contained in this file into your site. -->

<!-- generator="WordPress.com" created="2021-09-06 03:30"-->
<rss version="2.0"
	xmlns:excerpt="http://wordpress.org/export/1.2/excerpt/"
	xmlns:content="http://purl.org/rss/1.0/modules/content/"
	xmlns:wfw="http://wellformedweb.org/CommentAPI/"
	xmlns:dc="http://purl.org/dc/elements/1.1/"
	xmlns:wp="http://wordpress.org/export/1.2/"
>

<channel>
	<title>App Flow Redesign Project</title>
	<link>https://appredesign224670826.wordpress.com</link>
	<description></description>
	<pubDate>Mon, 06 Sep 2021 03:30:46 +0000</pubDate>
	<language></language>
	<wp:wxr_version>1.2</wp:wxr_version>
	<wp:base_site_url>http://wordpress.com/</wp:base_site_url>
	<wp:base_blog_url>https://appredesign224670826.wordpress.com</wp:base_blog_url>

	<wp:author><wp:author_id>196938469</wp:author_id><wp:author_login><![CDATA[ktnjames]]></wp:author_login><wp:author_email><![CDATA[jameskn@dukes.jmu.edu]]></wp:author_email><wp:author_display_name><![CDATA[ktnjames]]></wp:author_display_name><wp:author_first_name><![CDATA[]]></wp:author_first_name><wp:author_last_name><![CDATA[]]></wp:author_last_name></wp:author>

	<wp:category><wp:term_id>1</wp:term_id><wp:category_nicename>uncategorized</wp:category_nicename><wp:category_parent></wp:category_parent><wp:cat_name><![CDATA[Uncategorized]]></wp:cat_name>
</wp:category>
	<wp:term><wp:term_id>1359</wp:term_id><wp:term_taxonomy>nav_menu</wp:term_taxonomy><wp:term_slug><![CDATA[primary]]></wp:term_slug><wp:term_name><![CDATA[Primary]]></wp:term_name>
</wp:term>

	<generator>http://wordpress.com/</generator>
<image>
		<url>http://s0.wp.com/i/buttonw-com.png</url>
		<title>App Flow Redesign Project</title>
		<link>https://appredesign224670826.wordpress.com</link>
	</image>
		
	<item>
		<title>App Flow Redesign Case Study</title>
		<link>https://appredesign224670826.wordpress.com/</link>
		<pubDate>Sun, 05 Sep 2021 21:13:29 +0000</pubDate>
		<dc:creator>ktnjames</dc:creator>
		<guid isPermaLink="false">https://appredesign224670826.wordpress.com/?page_id=5</guid>
		<description></description>
		<content:encoded><![CDATA[<!-- wp:heading {"textAlign":"center"} -->
<h2 class="has-text-align-center">Facebook Messenger: the disconnect between the source app and Facebook Marketplace</h2>
<!-- /wp:heading -->

<!-- wp:heading {"textAlign":"center","level":6} -->
<h6 class="has-text-align-center">by Katie James</h6>
<!-- /wp:heading -->

<!-- wp:heading {"level":4} -->
<h4>The Problem and Solution</h4>
<!-- /wp:heading -->

<!-- wp:paragraph -->
<p>Facebook is a widely known app used by multiple age groups. In 2015, Facebook started their buying and selling group which grew into what we see as Facebook Marketplace. This platform allows for a pretty safe environment for users to buy or sell second hand. </p>
<!-- /wp:paragraph -->

<!-- wp:paragraph {"style":{"typography":{"lineHeight":"1.5"}}} -->
<p style="line-height:1.5;">Prior to college, I hadn't used Facebook Marketplace, but when it comes to moving into your own environment, I didn't want to buy everything brand new, nor did I have the money to. An issue that many people around me seem to have is how the Facebook Messenger app is set up and how Marketplace users are unable to seamlessly transition to Messenger.</p>
<!-- /wp:paragraph -->

<!-- wp:heading {"level":4} -->
<h4>User research</h4>
<!-- /wp:heading -->

<!-- wp:paragraph -->
<p>Design Question: How can we improve and streamline the buying and selling process via Facebook Marketplace and Messenger?</p>
<!-- /wp:paragraph -->

<!-- wp:paragraph -->
<p>I polled a group of 30 people mostly in college, however there were people included in older age groups to have diversity within the research. I asked and small group prior to sending out the survey about their Facebook Marketplace and Messenger usage and what problems they faced. From that I then made the questions from the survey and gathered good information to help influence and guide the redesigning process.</p>
<!-- /wp:paragraph -->

<!-- wp:jetpack/slideshow {"ids":["44","45","46"],"sizeSlug":"full"} -->
<div class="wp-block-jetpack-slideshow aligncenter" data-effect="slide"><div class="wp-block-jetpack-slideshow_container swiper-container"><ul class="wp-block-jetpack-slideshow_swiper-wrapper swiper-wrapper"><li class="wp-block-jetpack-slideshow_slide swiper-slide"><figure><img alt="" class="wp-block-jetpack-slideshow_image wp-image-44" data-id="44" src="https://appredesign224670826.files.wordpress.com/2021/09/screen-shot-2021-09-05-at-11.15.37-pm.png" /></figure></li><li class="wp-block-jetpack-slideshow_slide swiper-slide"><figure><img alt="" class="wp-block-jetpack-slideshow_image wp-image-45" data-id="45" src="https://appredesign224670826.files.wordpress.com/2021/09/screen-shot-2021-09-05-at-11.15.46-pm.png" /></figure></li><li class="wp-block-jetpack-slideshow_slide swiper-slide"><figure><img alt="" class="wp-block-jetpack-slideshow_image wp-image-46" data-id="46" src="https://appredesign224670826.files.wordpress.com/2021/09/screen-shot-2021-09-05-at-11.15.58-pm.png" /></figure></li></ul><a class="wp-block-jetpack-slideshow_button-prev swiper-button-prev swiper-button-white" role="button"></a><a class="wp-block-jetpack-slideshow_button-next swiper-button-next swiper-button-white" role="button"></a><a aria-label="Pause Slideshow" class="wp-block-jetpack-slideshow_button-pause" role="button"></a><div class="wp-block-jetpack-slideshow_pagination swiper-pagination swiper-pagination-white"></div></div></div>
<!-- /wp:jetpack/slideshow -->

<!-- wp:heading {"level":4} -->
<h4>Pain Points</h4>
<!-- /wp:heading -->

<!-- wp:list {"ordered":true} -->
<ol><li><strong>Unable to see conversation with seller</strong>: Users we unable to see their chats with sellers and sometimes even had to search up the seller to find the chat.</li><li><strong>Unnecessary Clutter in Chats</strong>: Users in the group did complain about how it was hard to keep marketplace chats and personal chats separate.</li></ol>
<!-- /wp:list -->

<!-- wp:gallery {"ids":[24,25,28],"linkTo":"none"} -->
<figure class="wp-block-gallery columns-3 is-cropped"><ul class="blocks-gallery-grid"><li class="blocks-gallery-item"><figure><img src="https://appredesign224670826.files.wordpress.com/2021/09/img_0604.png?w=473" alt="" data-id="24" class="wp-image-24" /></figure></li><li class="blocks-gallery-item"><figure><img src="https://appredesign224670826.files.wordpress.com/2021/09/img_0601.png?w=473" alt="" data-id="25" class="wp-image-25" /></figure></li><li class="blocks-gallery-item"><figure><img src="https://appredesign224670826.files.wordpress.com/2021/09/img_0602.png?w=473" alt="" data-id="28" class="wp-image-28" /></figure></li></ul></figure>
<!-- /wp:gallery -->

<!-- wp:heading {"level":4} -->
<h4>Redesign</h4>
<!-- /wp:heading -->

<!-- wp:heading {"level":6} -->
<h6>Information Architecture </h6>
<!-- /wp:heading -->

<!-- wp:paragraph -->
<p>To better understand the workings of Facebook Messenger I made a wireframe of what the system looks like currently before any changes are made. As you can see all of the chats are lumped together into the Home Screen, not allowing for any organization and promoting clutter.</p>
<!-- /wp:paragraph -->

<!-- wp:image {"align":"center","id":32,"width":386,"height":451,"sizeSlug":"full","linkDestination":"none","className":"is-style-default"} -->
<div class="wp-block-image is-style-default"><figure class="aligncenter size-full is-resized"><img src="https://appredesign224670826.files.wordpress.com/2021/09/screen-shot-2021-09-05-at-9.19.23-pm-1.png" alt="" class="wp-image-32" width="386" height="451" /></figure></div>
<!-- /wp:image -->

<!-- wp:paragraph -->
<p>I made another wireframe with the changes that would benefit the Messenger app. With this design, Marketplace Chats are easily accessible and can be managed separately from personal chats.</p>
<!-- /wp:paragraph -->

<!-- wp:image {"align":"center","id":33,"width":655,"height":411,"sizeSlug":"full","linkDestination":"none"} -->
<div class="wp-block-image"><figure class="aligncenter size-full is-resized"><img src="https://appredesign224670826.files.wordpress.com/2021/09/screen-shot-2021-09-05-at-9.35.26-pm.png" alt="" class="wp-image-33" width="655" height="411" /></figure></div>
<!-- /wp:image -->

<!-- wp:heading {"level":6} -->
<h6>Visual Mockups</h6>
<!-- /wp:heading -->

<!-- wp:paragraph -->
<p>When redesigning the Messenger app, I made sure to focus on making it as user friendly as possible when trying to find your Marketplace transactions. I added two buttons labelled "Personal" and "Marketplace." Should you you hit the "Personal" button, only chats with friends will pop up and when the "Marketplace" button is tapped, only contacts and chats from Marketplace will show.</p>
<!-- /wp:paragraph -->

<!-- wp:image {"align":"center","id":40,"width":339,"height":733,"sizeSlug":"full","linkDestination":"none"} -->
<div class="wp-block-image"><figure class="aligncenter size-full is-resized"><img src="https://appredesign224670826.files.wordpress.com/2021/09/0d5e9c48-20df-4eb6-81e8-d6c16a1ab32b-2.jpeg" alt="" class="wp-image-40" width="339" height="733" /></figure></div>
<!-- /wp:image -->

<!-- wp:image {"align":"center","id":41,"width":381,"height":825,"sizeSlug":"full","linkDestination":"none"} -->
<div class="wp-block-image"><figure class="aligncenter size-full is-resized"><img src="https://appredesign224670826.files.wordpress.com/2021/09/d5c1b0ca-4090-4dfa-bd9d-b0a7062fa142-1.jpeg" alt="" class="wp-image-41" width="381" height="825" /></figure></div>
<!-- /wp:image -->

<!-- wp:heading {"level":4} -->
<h4>Conclusion</h4>
<!-- /wp:heading -->

<!-- wp:paragraph -->
<p>Facebook Marketplace and Facebook Messenger are of the same platform and the entire function of Facebook Marketplace is reliant on Messenger. It only makes sense that Messenger could be tailored to optimize Marketplace functions.</p>
<!-- /wp:paragraph -->]]></content:encoded>
		<excerpt:encoded><![CDATA[]]></excerpt:encoded>
		<wp:post_id>5</wp:post_id>
		<wp:post_date>2021-09-05 21:13:29</wp:post_date>
		<wp:post_date_gmt>2021-09-05 21:13:29</wp:post_date_gmt>
		<wp:comment_status>closed</wp:comment_status>
		<wp:ping_status>closed</wp:ping_status>
		<wp:post_name>home</wp:post_name>
		<wp:status>publish</wp:status>
		<wp:post_parent>0</wp:post_parent>
		<wp:menu_order>1</wp:menu_order>
		<wp:post_type>page</wp:post_type>
		<wp:post_password></wp:post_password>
		<wp:is_sticky>0</wp:is_sticky>
		<wp:postmeta>
			<wp:meta_key>sharing_disabled</wp:meta_key>
			<wp:meta_value><![CDATA[a:1:{i:0;N;}]]></wp:meta_value>
		</wp:postmeta>
		<wp:postmeta>
			<wp:meta_key>switch_like_status</wp:meta_key>
			<wp:meta_value><![CDATA[a:1:{i:0;N;}]]></wp:meta_value>
		</wp:postmeta>
		<wp:postmeta>
			<wp:meta_key>_starter_page_template</wp:meta_key>
			<wp:meta_value><![CDATA[]]></wp:meta_value>
		</wp:postmeta>
		<wp:postmeta>
			<wp:meta_key>_publicize_pending</wp:meta_key>
			<wp:meta_value><![CDATA[1]]></wp:meta_value>
		</wp:postmeta>
		<wp:postmeta>
			<wp:meta_key>_last_editor_used_jetpack</wp:meta_key>
			<wp:meta_value><![CDATA[block-editor]]></wp:meta_value>
		</wp:postmeta>
	</item>
	<item>
		<title>Blog</title>
		<link>https://appredesign224670826.wordpress.com/?page_id=6</link>
		<pubDate>Sun, 05 Sep 2021 21:13:28 +0000</pubDate>
		<dc:creator>ktnjames</dc:creator>
		<guid isPermaLink="false">https://appredesign224670826.wordpress.com/?page_id=6</guid>
		<description></description>
		<content:encoded><![CDATA[<!-- wp:cover {"url":"https:\/\/iamtakashinuxtest20200131105336.files.wordpress.com\/2020\/01\/qi-bin-w4hbafegiac-unsplash.jpg","id":26,"dimRatio":10,"align":"full"} -->
<div class="wp-block-cover alignfull has-background-dim-10 has-background-dim" style="background-image:url('https://iamtakashinuxtest20200131105336.files.wordpress.com/2020/01/qi-bin-w4hbafegiac-unsplash.jpg');"><div class="wp-block-cover__inner-container"></div></div>
<!-- /wp:cover -->

<!-- wp:spacer {"height":64,"className":"desktop-only"} -->
<div style="height:64px;" aria-hidden="true" class="wp-block-spacer desktop-only"></div>
<!-- /wp:spacer -->

<!-- wp:a8c/blog-posts {"moreButton":true,"showAvatar":false,"postsToShow":10} /-->

<!-- wp:separator {"className":"is-style-wide"} -->
<hr class="wp-block-separator is-style-wide" />
<!-- /wp:separator -->

<!-- wp:heading {"align":"left","level":3} -->
<h3 class="has-text-align-left">Follow My Blog</h3>
<!-- /wp:heading -->

<!-- wp:paragraph {"align":"left"} -->
<p class="has-text-align-left">Get new content delivered directly to your inbox.</p>
<!-- /wp:paragraph -->

<!-- wp:jetpack/subscriptions -->
<div class="wp-block-jetpack-subscriptions">[jetpack_subscription_form show_only_email_and_button="true" custom_background_button_color="undefined" custom_text_button_color="undefined" submit_button_text="Subscribe" submit_button_classes="undefined" show_subscribers_total="false" ]</div>
<!-- /wp:jetpack/subscriptions -->]]></content:encoded>
		<excerpt:encoded><![CDATA[]]></excerpt:encoded>
		<wp:post_id>6</wp:post_id>
		<wp:post_date>2021-09-05 21:13:28</wp:post_date>
		<wp:post_date_gmt>2021-09-05 21:13:28</wp:post_date_gmt>
		<wp:comment_status>closed</wp:comment_status>
		<wp:ping_status>closed</wp:ping_status>
		<wp:post_name>blog__trashed</wp:post_name>
		<wp:status>trash</wp:status>
		<wp:post_parent>0</wp:post_parent>
		<wp:menu_order>0</wp:menu_order>
		<wp:post_type>page</wp:post_type>
		<wp:post_password></wp:post_password>
		<wp:is_sticky>0</wp:is_sticky>
		<wp:postmeta>
			<wp:meta_key>sharing_disabled</wp:meta_key>
			<wp:meta_value><![CDATA[a:1:{i:0;N;}]]></wp:meta_value>
		</wp:postmeta>
		<wp:postmeta>
			<wp:meta_key>switch_like_status</wp:meta_key>
			<wp:meta_value><![CDATA[a:1:{i:0;N;}]]></wp:meta_value>
		</wp:postmeta>
		<wp:postmeta>
			<wp:meta_key>_starter_page_template</wp:meta_key>
			<wp:meta_value><![CDATA[blog]]></wp:meta_value>
		</wp:postmeta>
		<wp:postmeta>
			<wp:meta_key>_publicize_pending</wp:meta_key>
			<wp:meta_value><![CDATA[1]]></wp:meta_value>
		</wp:postmeta>
		<wp:postmeta>
			<wp:meta_key>_checklist_post_type</wp:meta_key>
			<wp:meta_value><![CDATA[_hs_extra]]></wp:meta_value>
		</wp:postmeta>
		<wp:postmeta>
			<wp:meta_key>_wp_trash_meta_status</wp:meta_key>
			<wp:meta_value><![CDATA[publish]]></wp:meta_value>
		</wp:postmeta>
		<wp:postmeta>
			<wp:meta_key>_wp_trash_meta_time</wp:meta_key>
			<wp:meta_value><![CDATA[1630898369]]></wp:meta_value>
		</wp:postmeta>
		<wp:postmeta>
			<wp:meta_key>_wp_desired_post_slug</wp:meta_key>
			<wp:meta_value><![CDATA[blog]]></wp:meta_value>
		</wp:postmeta>
	</item>
	<item>
		<title>Introduce Yourself (Example Post)</title>
		<link>https://appredesign224670826.wordpress.com/2021/09/05/example-post-3/</link>
		<pubDate>Sun, 05 Sep 2021 21:13:27 +0000</pubDate>
		<dc:creator>ktnjames</dc:creator>
		<guid isPermaLink="false">https://appredesign224670826.wordpress.com/?p=7</guid>
		<description></description>
		<content:encoded><![CDATA[<!-- wp:paragraph -->
<p><em>This is an example post, originally published as part of </em><a href="https://dailypost.wordpress.com/blogging-university/"><em>Blogging University</em></a><em>. Enroll in one of our ten programs, and start your blog right.</em></p>
<!-- /wp:paragraph -->

<!-- wp:paragraph -->
<p>You’re going to publish a post today. Don’t worry about how your blog looks. Don’t worry if you haven’t given it a name yet, or you’re feeling overwhelmed. Just click the “New Post” button, and tell us why you’re here.</p>
<!-- /wp:paragraph -->

<!-- wp:paragraph -->
<p>Why do this? </p>
<!-- /wp:paragraph -->

<!-- wp:list -->
<ul><li>Because it gives new readers context. What are you about? Why should they read your blog?</li><li>Because it will help you focus your own ideas about your blog and what you’d like to do with it. </li></ul>
<!-- /wp:list -->

<!-- wp:paragraph -->
<p>The post can be short or long, a personal intro to your life or a bloggy mission statement, a manifesto for the future or a simple outline of your the types of things you hope to publish.</p>
<!-- /wp:paragraph -->

<!-- wp:paragraph -->
<p>To help you get started, here are a few questions: </p>
<!-- /wp:paragraph -->

<!-- wp:list -->
<ul><li>Why are you blogging publicly, rather than keeping a personal journal?</li><li>What topics do you think you’ll write about?</li><li>Who would you love to connect with via your blog?</li><li>If you blog successfully throughout the next year, what would you hope to have accomplished? </li></ul>
<!-- /wp:list -->

<!-- wp:paragraph -->
<p>You’re not locked into any of this; one of the wonderful things about blogs is how they constantly evolve as we learn, grow, and interact with one another — but it’s good to know where and why you started, and articulating your goals may just give you a few other post ideas.</p>
<!-- /wp:paragraph -->

<!-- wp:paragraph -->
<p>Can’t think how to get started? Just write the first thing that pops into your head. Anne Lamott, author of a book on writing we love, says that you need to give yourself permission to write a “crappy first draft”. Anne makes a great point — just start writing, and worry about editing it later.</p>
<!-- /wp:paragraph -->

<!-- wp:paragraph -->
<p>When you’re ready to publish, give your post three to five tags that describe your blog’s focus — writing, photography, fiction, parenting, food, cars, movies, sports, whatever. These tags will help others who care about your topics find you in the Reader. Make sure one of the tags is “zerotohero,” so other new bloggers can find you, too.</p>
<!-- /wp:paragraph -->]]></content:encoded>
		<excerpt:encoded><![CDATA[]]></excerpt:encoded>
		<wp:post_id>7</wp:post_id>
		<wp:post_date>2021-09-05 21:13:27</wp:post_date>
		<wp:post_date_gmt>2021-09-05 21:13:27</wp:post_date_gmt>
		<wp:comment_status>open</wp:comment_status>
		<wp:ping_status>open</wp:ping_status>
		<wp:post_name>example-post-3</wp:post_name>
		<wp:status>publish</wp:status>
		<wp:post_parent>0</wp:post_parent>
		<wp:menu_order>0</wp:menu_order>
		<wp:post_type>post</wp:post_type>
		<wp:post_password></wp:post_password>
		<wp:is_sticky>0</wp:is_sticky>
		<category domain="category" nicename="uncategorized"><![CDATA[Uncategorized]]></category>
		<wp:postmeta>
			<wp:meta_key>_headstart_post</wp:meta_key>
			<wp:meta_value><![CDATA[_hs_extra]]></wp:meta_value>
		</wp:postmeta>
		<wp:postmeta>
			<wp:meta_key>sharing_disabled</wp:meta_key>
			<wp:meta_value><![CDATA[a:1:{i:0;N;}]]></wp:meta_value>
		</wp:postmeta>
		<wp:postmeta>
			<wp:meta_key>switch_like_status</wp:meta_key>
			<wp:meta_value><![CDATA[a:1:{i:0;N;}]]></wp:meta_value>
		</wp:postmeta>
		<wp:postmeta>
			<wp:meta_key>_starter_page_template</wp:meta_key>
			<wp:meta_value><![CDATA[]]></wp:meta_value>
		</wp:postmeta>
		<wp:postmeta>
			<wp:meta_key>_wpas_skip_all_services</wp:meta_key>
			<wp:meta_value><![CDATA[1]]></wp:meta_value>
		</wp:postmeta>
		<wp:postmeta>
			<wp:meta_key>_publicize_pending</wp:meta_key>
			<wp:meta_value><![CDATA[1]]></wp:meta_value>
		</wp:postmeta>
	</item>
	<item>
		<title></title>
		<link>https://appredesign224670826.wordpress.com/2021/09/05/11/</link>
		<pubDate>Sun, 05 Sep 2021 21:18:30 +0000</pubDate>
		<dc:creator>ktnjames</dc:creator>
		<guid isPermaLink="false">https://appredesign224670826.wordpress.com/2021/09/05/11/</guid>
		<description></description>
		<content:encoded><![CDATA[ ]]></content:encoded>
		<excerpt:encoded><![CDATA[]]></excerpt:encoded>
		<wp:post_id>11</wp:post_id>
		<wp:post_date>2021-09-05 21:18:30</wp:post_date>
		<wp:post_date_gmt>2021-09-05 21:18:30</wp:post_date_gmt>
		<wp:comment_status>closed</wp:comment_status>
		<wp:ping_status>closed</wp:ping_status>
		<wp:post_name>11</wp:post_name>
		<wp:status>publish</wp:status>
		<wp:post_parent>0</wp:post_parent>
		<wp:menu_order>1</wp:menu_order>
		<wp:post_type>nav_menu_item</wp:post_type>
		<wp:post_password></wp:post_password>
		<wp:is_sticky>0</wp:is_sticky>
		<category domain="nav_menu" nicename="primary"><![CDATA[Primary]]></category>
		<wp:postmeta>
			<wp:meta_key>_publicize_pending</wp:meta_key>
			<wp:meta_value><![CDATA[1]]></wp:meta_value>
		</wp:postmeta>
		<wp:postmeta>
			<wp:meta_key>_menu_item_type</wp:meta_key>
			<wp:meta_value><![CDATA[post_type]]></wp:meta_value>
		</wp:postmeta>
		<wp:postmeta>
			<wp:meta_key>_menu_item_menu_item_parent</wp:meta_key>
			<wp:meta_value><![CDATA[0]]></wp:meta_value>
		</wp:postmeta>
		<wp:postmeta>
			<wp:meta_key>_menu_item_object_id</wp:meta_key>
			<wp:meta_value><![CDATA[5]]></wp:meta_value>
		</wp:postmeta>
		<wp:postmeta>
			<wp:meta_key>_menu_item_object</wp:meta_key>
			<wp:meta_value><![CDATA[page]]></wp:meta_value>
		</wp:postmeta>
		<wp:postmeta>
			<wp:meta_key>_menu_item_target</wp:meta_key>
			<wp:meta_value><![CDATA[]]></wp:meta_value>
		</wp:postmeta>
		<wp:postmeta>
			<wp:meta_key>_menu_item_classes</wp:meta_key>
			<wp:meta_value><![CDATA[a:1:{i:0;s:0:"";}]]></wp:meta_value>
		</wp:postmeta>
		<wp:postmeta>
			<wp:meta_key>_menu_item_xfn</wp:meta_key>
			<wp:meta_value><![CDATA[]]></wp:meta_value>
		</wp:postmeta>
		<wp:postmeta>
			<wp:meta_key>_menu_item_url</wp:meta_key>
			<wp:meta_value><![CDATA[]]></wp:meta_value>
		</wp:postmeta>
		<wp:postmeta>
			<wp:meta_key>_menu_item_content</wp:meta_key>
			<wp:meta_value><![CDATA[]]></wp:meta_value>
		</wp:postmeta>
	</item>
	<item>
		<title></title>
		<link>https://appredesign224670826.wordpress.com/2021/09/05/12/</link>
		<pubDate>Sun, 05 Sep 2021 21:18:30 +0000</pubDate>
		<dc:creator>ktnjames</dc:creator>
		<guid isPermaLink="false">https://appredesign224670826.wordpress.com/2021/09/05/12/</guid>
		<description></description>
		<content:encoded><![CDATA[ ]]></content:encoded>
		<excerpt:encoded><![CDATA[]]></excerpt:encoded>
		<wp:post_id>12</wp:post_id>
		<wp:post_date>2021-09-05 21:18:30</wp:post_date>
		<wp:post_date_gmt>2021-09-05 21:18:30</wp:post_date_gmt>
		<wp:comment_status>closed</wp:comment_status>
		<wp:ping_status>closed</wp:ping_status>
		<wp:post_name>12</wp:post_name>
		<wp:status>publish</wp:status>
		<wp:post_parent>0</wp:post_parent>
		<wp:menu_order>2</wp:menu_order>
		<wp:post_type>nav_menu_item</wp:post_type>
		<wp:post_password></wp:post_password>
		<wp:is_sticky>0</wp:is_sticky>
		<category domain="nav_menu" nicename="primary"><![CDATA[Primary]]></category>
		<wp:postmeta>
			<wp:meta_key>_publicize_pending</wp:meta_key>
			<wp:meta_value><![CDATA[1]]></wp:meta_value>
		</wp:postmeta>
		<wp:postmeta>
			<wp:meta_key>_menu_item_type</wp:meta_key>
			<wp:meta_value><![CDATA[post_type]]></wp:meta_value>
		</wp:postmeta>
		<wp:postmeta>
			<wp:meta_key>_menu_item_menu_item_parent</wp:meta_key>
			<wp:meta_value><![CDATA[0]]></wp:meta_value>
		</wp:postmeta>
		<wp:postmeta>
			<wp:meta_key>_menu_item_object_id</wp:meta_key>
			<wp:meta_value><![CDATA[6]]></wp:meta_value>
		</wp:postmeta>
		<wp:postmeta>
			<wp:meta_key>_menu_item_object</wp:meta_key>
			<wp:meta_value><![CDATA[page]]></wp:meta_value>
		</wp:postmeta>
		<wp:postmeta>
			<wp:meta_key>_menu_item_target</wp:meta_key>
			<wp:meta_value><![CDATA[]]></wp:meta_value>
		</wp:postmeta>
		<wp:postmeta>
			<wp:meta_key>_menu_item_classes</wp:meta_key>
			<wp:meta_value><![CDATA[a:1:{i:0;s:0:"";}]]></wp:meta_value>
		</wp:postmeta>
		<wp:postmeta>
			<wp:meta_key>_menu_item_xfn</wp:meta_key>
			<wp:meta_value><![CDATA[]]></wp:meta_value>
		</wp:postmeta>
		<wp:postmeta>
			<wp:meta_key>_menu_item_url</wp:meta_key>
			<wp:meta_value><![CDATA[]]></wp:meta_value>
		</wp:postmeta>
		<wp:postmeta>
			<wp:meta_key>_menu_item_content</wp:meta_key>
			<wp:meta_value><![CDATA[]]></wp:meta_value>
		</wp:postmeta>
	</item>
	<item>
		<title>Placeholder Image</title>
		<link>https://appredesign224670826.wordpress.com/placeholder-image/</link>
		<pubDate>Sun, 05 Sep 2021 21:18:31 +0000</pubDate>
		<dc:creator>ktnjames</dc:creator>
		<guid isPermaLink="false">http://appredesign224670826.files.wordpress.com/2021/09/qi-bin-w4hbafegiac-unsplash.jpg</guid>
		<description></description>
		<content:encoded><![CDATA[]]></content:encoded>
		<excerpt:encoded><![CDATA[]]></excerpt:encoded>
		<wp:post_id>13</wp:post_id>
		<wp:post_date>2021-09-05 17:18:31</wp:post_date>
		<wp:post_date_gmt>2021-09-05 21:18:31</wp:post_date_gmt>
		<wp:comment_status>open</wp:comment_status>
		<wp:ping_status>closed</wp:ping_status>
		<wp:post_name>placeholder-image</wp:post_name>
		<wp:status>inherit</wp:status>
		<wp:post_parent>0</wp:post_parent>
		<wp:menu_order>0</wp:menu_order>
		<wp:post_type>attachment</wp:post_type>
		<wp:post_password></wp:post_password>
		<wp:is_sticky>0</wp:is_sticky>
		<wp:attachment_url>https://appredesign224670826.files.wordpress.com/2021/09/qi-bin-w4hbafegiac-unsplash.jpg</wp:attachment_url>
		<wp:postmeta>
			<wp:meta_key>_wp_attached_file</wp:meta_key>
			<wp:meta_value><![CDATA[/home/wpcom/public_html/wp-content/blogs.dir/001/197313615/files/2021/09/qi-bin-w4hbafegiac-unsplash.jpg]]></wp:meta_value>
		</wp:postmeta>
		<wp:postmeta>
			<wp:meta_key>_wp_attachment_metadata</wp:meta_key>
			<wp:meta_value><![CDATA[a:6:{s:5:"width";i:1600;s:6:"height";i:1066;s:4:"file";s:104:"/home/wpcom/public_html/wp-content/blogs.dir/001/197313615/files/2021/09/qi-bin-w4hbafegiac-unsplash.jpg";s:5:"sizes";a:0:{}s:10:"image_meta";a:12:{s:8:"aperture";s:1:"0";s:6:"credit";s:0:"";s:6:"camera";s:0:"";s:7:"caption";s:0:"";s:17:"created_timestamp";s:1:"0";s:9:"copyright";s:0:"";s:12:"focal_length";s:1:"0";s:3:"iso";s:1:"0";s:13:"shutter_speed";s:1:"0";s:5:"title";s:0:"";s:11:"orientation";s:1:"0";s:8:"keywords";a:0:{}}s:8:"filesize";i:50995;}]]></wp:meta_value>
		</wp:postmeta>
	</item>
	<item>
		<title>screen-shot-2021-09-05-at-9.19.23-pm</title>
		<link>https://appredesign224670826.wordpress.com/screen-shot-2021-09-05-at-9-19-23-pm/</link>
		<pubDate>Mon, 06 Sep 2021 01:20:08 +0000</pubDate>
		<dc:creator>ktnjames</dc:creator>
		<guid isPermaLink="false">http://appredesign224670826.files.wordpress.com/2021/09/screen-shot-2021-09-05-at-9.19.23-pm.png</guid>
		<description></description>
		<content:encoded><![CDATA[]]></content:encoded>
		<excerpt:encoded><![CDATA[]]></excerpt:encoded>
		<wp:post_id>21</wp:post_id>
		<wp:post_date>2021-09-05 21:20:08</wp:post_date>
		<wp:post_date_gmt>2021-09-06 01:20:08</wp:post_date_gmt>
		<wp:comment_status>open</wp:comment_status>
		<wp:ping_status>closed</wp:ping_status>
		<wp:post_name>screen-shot-2021-09-05-at-9-19-23-pm</wp:post_name>
		<wp:status>inherit</wp:status>
		<wp:post_parent>0</wp:post_parent>
		<wp:menu_order>0</wp:menu_order>
		<wp:post_type>attachment</wp:post_type>
		<wp:post_password></wp:post_password>
		<wp:is_sticky>0</wp:is_sticky>
		<wp:attachment_url>https://appredesign224670826.files.wordpress.com/2021/09/screen-shot-2021-09-05-at-9.19.23-pm.png</wp:attachment_url>
		<wp:postmeta>
			<wp:meta_key>_wp_attached_file</wp:meta_key>
			<wp:meta_value><![CDATA[/home/wpcom/public_html/wp-content/blogs.dir/001/197313615/files/2021/09/screen-shot-2021-09-05-at-9.19.23-pm.png]]></wp:meta_value>
		</wp:postmeta>
		<wp:postmeta>
			<wp:meta_key>_wp_attachment_metadata</wp:meta_key>
			<wp:meta_value><![CDATA[a:6:{s:5:"width";i:752;s:6:"height";i:878;s:4:"file";s:113:"/home/wpcom/public_html/wp-content/blogs.dir/001/197313615/files/2021/09/screen-shot-2021-09-05-at-9.19.23-pm.png";s:5:"sizes";a:0:{}s:10:"image_meta";a:12:{s:8:"aperture";s:1:"0";s:6:"credit";s:0:"";s:6:"camera";s:0:"";s:7:"caption";s:0:"";s:17:"created_timestamp";s:1:"0";s:9:"copyright";s:0:"";s:12:"focal_length";s:1:"0";s:3:"iso";s:1:"0";s:13:"shutter_speed";s:1:"0";s:5:"title";s:0:"";s:11:"orientation";s:1:"0";s:8:"keywords";a:0:{}}s:8:"filesize";i:40120;}]]></wp:meta_value>
		</wp:postmeta>
	</item>
	<item>
		<title>img_0604</title>
		<link>https://appredesign224670826.wordpress.com/img_0604/</link>
		<pubDate>Mon, 06 Sep 2021 02:35:54 +0000</pubDate>
		<dc:creator>ktnjames</dc:creator>
		<guid isPermaLink="false">http://appredesign224670826.files.wordpress.com/2021/09/img_0604.png</guid>
		<description></description>
		<content:encoded><![CDATA[]]></content:encoded>
		<excerpt:encoded><![CDATA[]]></excerpt:encoded>
		<wp:post_id>24</wp:post_id>
		<wp:post_date>2021-09-05 22:35:54</wp:post_date>
		<wp:post_date_gmt>2021-09-06 02:35:54</wp:post_date_gmt>
		<wp:comment_status>open</wp:comment_status>
		<wp:ping_status>closed</wp:ping_status>
		<wp:post_name>img_0604</wp:post_name>
		<wp:status>inherit</wp:status>
		<wp:post_parent>0</wp:post_parent>
		<wp:menu_order>0</wp:menu_order>
		<wp:post_type>attachment</wp:post_type>
		<wp:post_password></wp:post_password>
		<wp:is_sticky>0</wp:is_sticky>
		<wp:attachment_url>https://appredesign224670826.files.wordpress.com/2021/09/img_0604.png</wp:attachment_url>
		<wp:postmeta>
			<wp:meta_key>_wp_attachment_metadata</wp:meta_key>
			<wp:meta_value><![CDATA[a:6:{s:5:"width";i:1170;s:6:"height";i:2532;s:4:"file";s:85:"/home/wpcom/public_html/wp-content/blogs.dir/001/197313615/files/2021/09/img_0604.png";s:5:"sizes";a:0:{}s:10:"image_meta";a:12:{s:8:"aperture";s:1:"0";s:6:"credit";s:0:"";s:6:"camera";s:0:"";s:7:"caption";s:0:"";s:17:"created_timestamp";s:1:"0";s:9:"copyright";s:0:"";s:12:"focal_length";s:1:"0";s:3:"iso";s:1:"0";s:13:"shutter_speed";s:1:"0";s:5:"title";s:0:"";s:11:"orientation";s:1:"0";s:8:"keywords";a:0:{}}s:8:"filesize";i:1225375;}]]></wp:meta_value>
		</wp:postmeta>
		<wp:postmeta>
			<wp:meta_key>_wp_attached_file</wp:meta_key>
			<wp:meta_value><![CDATA[/home/wpcom/public_html/wp-content/blogs.dir/001/197313615/files/2021/09/img_0604.png]]></wp:meta_value>
		</wp:postmeta>
	</item>
	<item>
		<title>img_0601</title>
		<link>https://appredesign224670826.wordpress.com/img_0601/</link>
		<pubDate>Mon, 06 Sep 2021 02:36:35 +0000</pubDate>
		<dc:creator>ktnjames</dc:creator>
		<guid isPermaLink="false">http://appredesign224670826.files.wordpress.com/2021/09/img_0601.png</guid>
		<description></description>
		<content:encoded><![CDATA[]]></content:encoded>
		<excerpt:encoded><![CDATA[]]></excerpt:encoded>
		<wp:post_id>25</wp:post_id>
		<wp:post_date>2021-09-05 22:36:35</wp:post_date>
		<wp:post_date_gmt>2021-09-06 02:36:35</wp:post_date_gmt>
		<wp:comment_status>open</wp:comment_status>
		<wp:ping_status>closed</wp:ping_status>
		<wp:post_name>img_0601</wp:post_name>
		<wp:status>inherit</wp:status>
		<wp:post_parent>0</wp:post_parent>
		<wp:menu_order>0</wp:menu_order>
		<wp:post_type>attachment</wp:post_type>
		<wp:post_password></wp:post_password>
		<wp:is_sticky>0</wp:is_sticky>
		<wp:attachment_url>https://appredesign224670826.files.wordpress.com/2021/09/img_0601.png</wp:attachment_url>
		<wp:postmeta>
			<wp:meta_key>_wp_attached_file</wp:meta_key>
			<wp:meta_value><![CDATA[/home/wpcom/public_html/wp-content/blogs.dir/001/197313615/files/2021/09/img_0601.png]]></wp:meta_value>
		</wp:postmeta>
		<wp:postmeta>
			<wp:meta_key>_wp_attachment_metadata</wp:meta_key>
			<wp:meta_value><![CDATA[a:6:{s:5:"width";i:1170;s:6:"height";i:2532;s:4:"file";s:85:"/home/wpcom/public_html/wp-content/blogs.dir/001/197313615/files/2021/09/img_0601.png";s:5:"sizes";a:0:{}s:10:"image_meta";a:12:{s:8:"aperture";s:1:"0";s:6:"credit";s:0:"";s:6:"camera";s:0:"";s:7:"caption";s:0:"";s:17:"created_timestamp";s:1:"0";s:9:"copyright";s:0:"";s:12:"focal_length";s:1:"0";s:3:"iso";s:1:"0";s:13:"shutter_speed";s:1:"0";s:5:"title";s:0:"";s:11:"orientation";s:1:"0";s:8:"keywords";a:0:{}}s:8:"filesize";i:646785;}]]></wp:meta_value>
		</wp:postmeta>
	</item>
	<item>
		<title>img_0603</title>
		<link>https://appredesign224670826.wordpress.com/img_0603/</link>
		<pubDate>Mon, 06 Sep 2021 02:36:49 +0000</pubDate>
		<dc:creator>ktnjames</dc:creator>
		<guid isPermaLink="false">http://appredesign224670826.files.wordpress.com/2021/09/img_0603.png</guid>
		<description></description>
		<content:encoded><![CDATA[]]></content:encoded>
		<excerpt:encoded><![CDATA[]]></excerpt:encoded>
		<wp:post_id>27</wp:post_id>
		<wp:post_date>2021-09-05 22:36:49</wp:post_date>
		<wp:post_date_gmt>2021-09-06 02:36:49</wp:post_date_gmt>
		<wp:comment_status>open</wp:comment_status>
		<wp:ping_status>closed</wp:ping_status>
		<wp:post_name>img_0603</wp:post_name>
		<wp:status>inherit</wp:status>
		<wp:post_parent>0</wp:post_parent>
		<wp:menu_order>0</wp:menu_order>
		<wp:post_type>attachment</wp:post_type>
		<wp:post_password></wp:post_password>
		<wp:is_sticky>0</wp:is_sticky>
		<wp:attachment_url>https://appredesign224670826.files.wordpress.com/2021/09/img_0603.png</wp:attachment_url>
		<wp:postmeta>
			<wp:meta_key>_wp_attached_file</wp:meta_key>
			<wp:meta_value><![CDATA[/home/wpcom/public_html/wp-content/blogs.dir/001/197313615/files/2021/09/img_0603.png]]></wp:meta_value>
		</wp:postmeta>
		<wp:postmeta>
			<wp:meta_key>_wp_attachment_metadata</wp:meta_key>
			<wp:meta_value><![CDATA[a:6:{s:5:"width";i:1170;s:6:"height";i:2532;s:4:"file";s:85:"/home/wpcom/public_html/wp-content/blogs.dir/001/197313615/files/2021/09/img_0603.png";s:5:"sizes";a:0:{}s:10:"image_meta";a:12:{s:8:"aperture";s:1:"0";s:6:"credit";s:0:"";s:6:"camera";s:0:"";s:7:"caption";s:0:"";s:17:"created_timestamp";s:1:"0";s:9:"copyright";s:0:"";s:12:"focal_length";s:1:"0";s:3:"iso";s:1:"0";s:13:"shutter_speed";s:1:"0";s:5:"title";s:0:"";s:11:"orientation";s:1:"0";s:8:"keywords";a:0:{}}s:8:"filesize";i:1154332;}]]></wp:meta_value>
		</wp:postmeta>
	</item>
	<item>
		<title>img_0602</title>
		<link>https://appredesign224670826.wordpress.com/img_0602/</link>
		<pubDate>Mon, 06 Sep 2021 02:36:51 +0000</pubDate>
		<dc:creator>ktnjames</dc:creator>
		<guid isPermaLink="false">http://appredesign224670826.files.wordpress.com/2021/09/img_0602.png</guid>
		<description></description>
		<content:encoded><![CDATA[]]></content:encoded>
		<excerpt:encoded><![CDATA[]]></excerpt:encoded>
		<wp:post_id>28</wp:post_id>
		<wp:post_date>2021-09-05 22:36:51</wp:post_date>
		<wp:post_date_gmt>2021-09-06 02:36:51</wp:post_date_gmt>
		<wp:comment_status>open</wp:comment_status>
		<wp:ping_status>closed</wp:ping_status>
		<wp:post_name>img_0602</wp:post_name>
		<wp:status>inherit</wp:status>
		<wp:post_parent>0</wp:post_parent>
		<wp:menu_order>0</wp:menu_order>
		<wp:post_type>attachment</wp:post_type>
		<wp:post_password></wp:post_password>
		<wp:is_sticky>0</wp:is_sticky>
		<wp:attachment_url>https://appredesign224670826.files.wordpress.com/2021/09/img_0602.png</wp:attachment_url>
		<wp:postmeta>
			<wp:meta_key>_wp_attached_file</wp:meta_key>
			<wp:meta_value><![CDATA[/home/wpcom/public_html/wp-content/blogs.dir/001/197313615/files/2021/09/img_0602.png]]></wp:meta_value>
		</wp:postmeta>
		<wp:postmeta>
			<wp:meta_key>_wp_attachment_metadata</wp:meta_key>
			<wp:meta_value><![CDATA[a:6:{s:5:"width";i:1170;s:6:"height";i:2532;s:4:"file";s:85:"/home/wpcom/public_html/wp-content/blogs.dir/001/197313615/files/2021/09/img_0602.png";s:5:"sizes";a:0:{}s:10:"image_meta";a:12:{s:8:"aperture";s:1:"0";s:6:"credit";s:0:"";s:6:"camera";s:0:"";s:7:"caption";s:0:"";s:17:"created_timestamp";s:1:"0";s:9:"copyright";s:0:"";s:12:"focal_length";s:1:"0";s:3:"iso";s:1:"0";s:13:"shutter_speed";s:1:"0";s:5:"title";s:0:"";s:11:"orientation";s:1:"0";s:8:"keywords";a:0:{}}s:8:"filesize";i:4638176;}]]></wp:meta_value>
		</wp:postmeta>
	</item>
	<item>
		<title>img_0604-1</title>
		<link>https://appredesign224670826.wordpress.com/img_0604-1/</link>
		<pubDate>Mon, 06 Sep 2021 02:36:55 +0000</pubDate>
		<dc:creator>ktnjames</dc:creator>
		<guid isPermaLink="false">http://appredesign224670826.files.wordpress.com/2021/09/img_0604-1.png</guid>
		<description></description>
		<content:encoded><![CDATA[]]></content:encoded>
		<excerpt:encoded><![CDATA[]]></excerpt:encoded>
		<wp:post_id>29</wp:post_id>
		<wp:post_date>2021-09-05 22:36:55</wp:post_date>
		<wp:post_date_gmt>2021-09-06 02:36:55</wp:post_date_gmt>
		<wp:comment_status>open</wp:comment_status>
		<wp:ping_status>closed</wp:ping_status>
		<wp:post_name>img_0604-1</wp:post_name>
		<wp:status>inherit</wp:status>
		<wp:post_parent>0</wp:post_parent>
		<wp:menu_order>0</wp:menu_order>
		<wp:post_type>attachment</wp:post_type>
		<wp:post_password></wp:post_password>
		<wp:is_sticky>0</wp:is_sticky>
		<wp:attachment_url>https://appredesign224670826.files.wordpress.com/2021/09/img_0604-1.png</wp:attachment_url>
		<wp:postmeta>
			<wp:meta_key>_wp_attached_file</wp:meta_key>
			<wp:meta_value><![CDATA[/home/wpcom/public_html/wp-content/blogs.dir/001/197313615/files/2021/09/img_0604-1.png]]></wp:meta_value>
		</wp:postmeta>
		<wp:postmeta>
			<wp:meta_key>_wp_attachment_metadata</wp:meta_key>
			<wp:meta_value><![CDATA[a:6:{s:5:"width";i:1170;s:6:"height";i:2532;s:4:"file";s:87:"/home/wpcom/public_html/wp-content/blogs.dir/001/197313615/files/2021/09/img_0604-1.png";s:5:"sizes";a:0:{}s:10:"image_meta";a:12:{s:8:"aperture";s:1:"0";s:6:"credit";s:0:"";s:6:"camera";s:0:"";s:7:"caption";s:0:"";s:17:"created_timestamp";s:1:"0";s:9:"copyright";s:0:"";s:12:"focal_length";s:1:"0";s:3:"iso";s:1:"0";s:13:"shutter_speed";s:1:"0";s:5:"title";s:0:"";s:11:"orientation";s:1:"0";s:8:"keywords";a:0:{}}s:8:"filesize";i:1225375;}]]></wp:meta_value>
		</wp:postmeta>
	</item>
	<item>
		<title>screen-shot-2021-09-05-at-9.19.23-pm-1</title>
		<link>https://appredesign224670826.wordpress.com/screen-shot-2021-09-05-at-9-19-23-pm-1/</link>
		<pubDate>Mon, 06 Sep 2021 03:00:01 +0000</pubDate>
		<dc:creator>ktnjames</dc:creator>
		<guid isPermaLink="false">http://appredesign224670826.files.wordpress.com/2021/09/screen-shot-2021-09-05-at-9.19.23-pm-1.png</guid>
		<description></description>
		<content:encoded><![CDATA[]]></content:encoded>
		<excerpt:encoded><![CDATA[]]></excerpt:encoded>
		<wp:post_id>32</wp:post_id>
		<wp:post_date>2021-09-05 23:00:01</wp:post_date>
		<wp:post_date_gmt>2021-09-06 03:00:01</wp:post_date_gmt>
		<wp:comment_status>open</wp:comment_status>
		<wp:ping_status>closed</wp:ping_status>
		<wp:post_name>screen-shot-2021-09-05-at-9-19-23-pm-1</wp:post_name>
		<wp:status>inherit</wp:status>
		<wp:post_parent>0</wp:post_parent>
		<wp:menu_order>0</wp:menu_order>
		<wp:post_type>attachment</wp:post_type>
		<wp:post_password></wp:post_password>
		<wp:is_sticky>0</wp:is_sticky>
		<wp:attachment_url>https://appredesign224670826.files.wordpress.com/2021/09/screen-shot-2021-09-05-at-9.19.23-pm-1.png</wp:attachment_url>
		<wp:postmeta>
			<wp:meta_key>_wp_attached_file</wp:meta_key>
			<wp:meta_value><![CDATA[/home/wpcom/public_html/wp-content/blogs.dir/001/197313615/files/2021/09/screen-shot-2021-09-05-at-9.19.23-pm-1.png]]></wp:meta_value>
		</wp:postmeta>
		<wp:postmeta>
			<wp:meta_key>_wp_attachment_metadata</wp:meta_key>
			<wp:meta_value><![CDATA[a:6:{s:5:"width";i:752;s:6:"height";i:878;s:4:"file";s:115:"/home/wpcom/public_html/wp-content/blogs.dir/001/197313615/files/2021/09/screen-shot-2021-09-05-at-9.19.23-pm-1.png";s:5:"sizes";a:0:{}s:10:"image_meta";a:12:{s:8:"aperture";s:1:"0";s:6:"credit";s:0:"";s:6:"camera";s:0:"";s:7:"caption";s:0:"";s:17:"created_timestamp";s:1:"0";s:9:"copyright";s:0:"";s:12:"focal_length";s:1:"0";s:3:"iso";s:1:"0";s:13:"shutter_speed";s:1:"0";s:5:"title";s:0:"";s:11:"orientation";s:1:"0";s:8:"keywords";a:0:{}}s:8:"filesize";i:40120;}]]></wp:meta_value>
		</wp:postmeta>
	</item>
	<item>
		<title>screen-shot-2021-09-05-at-9.35.26-pm</title>
		<link>https://appredesign224670826.wordpress.com/screen-shot-2021-09-05-at-9-35-26-pm/</link>
		<pubDate>Mon, 06 Sep 2021 03:04:09 +0000</pubDate>
		<dc:creator>ktnjames</dc:creator>
		<guid isPermaLink="false">http://appredesign224670826.files.wordpress.com/2021/09/screen-shot-2021-09-05-at-9.35.26-pm.png</guid>
		<description></description>
		<content:encoded><![CDATA[]]></content:encoded>
		<excerpt:encoded><![CDATA[]]></excerpt:encoded>
		<wp:post_id>33</wp:post_id>
		<wp:post_date>2021-09-05 23:04:09</wp:post_date>
		<wp:post_date_gmt>2021-09-06 03:04:09</wp:post_date_gmt>
		<wp:comment_status>open</wp:comment_status>
		<wp:ping_status>closed</wp:ping_status>
		<wp:post_name>screen-shot-2021-09-05-at-9-35-26-pm</wp:post_name>
		<wp:status>inherit</wp:status>
		<wp:post_parent>0</wp:post_parent>
		<wp:menu_order>0</wp:menu_order>
		<wp:post_type>attachment</wp:post_type>
		<wp:post_password></wp:post_password>
		<wp:is_sticky>0</wp:is_sticky>
		<wp:attachment_url>https://appredesign224670826.files.wordpress.com/2021/09/screen-shot-2021-09-05-at-9.35.26-pm.png</wp:attachment_url>
		<wp:postmeta>
			<wp:meta_key>_wp_attached_file</wp:meta_key>
			<wp:meta_value><![CDATA[/home/wpcom/public_html/wp-content/blogs.dir/001/197313615/files/2021/09/screen-shot-2021-09-05-at-9.35.26-pm.png]]></wp:meta_value>
		</wp:postmeta>
		<wp:postmeta>
			<wp:meta_key>_wp_attachment_metadata</wp:meta_key>
			<wp:meta_value><![CDATA[a:6:{s:5:"width";i:1132;s:6:"height";i:712;s:4:"file";s:113:"/home/wpcom/public_html/wp-content/blogs.dir/001/197313615/files/2021/09/screen-shot-2021-09-05-at-9.35.26-pm.png";s:5:"sizes";a:0:{}s:10:"image_meta";a:12:{s:8:"aperture";s:1:"0";s:6:"credit";s:0:"";s:6:"camera";s:0:"";s:7:"caption";s:0:"";s:17:"created_timestamp";s:1:"0";s:9:"copyright";s:0:"";s:12:"focal_length";s:1:"0";s:3:"iso";s:1:"0";s:13:"shutter_speed";s:1:"0";s:5:"title";s:0:"";s:11:"orientation";s:1:"0";s:8:"keywords";a:0:{}}s:8:"filesize";i:40544;}]]></wp:meta_value>
		</wp:postmeta>
	</item>
	<item>
		<title>0d5e9c48-20df-4eb6-81e8-d6c16a1ab32b</title>
		<link>https://appredesign224670826.wordpress.com/0d5e9c48-20df-4eb6-81e8-d6c16a1ab32b/</link>
		<pubDate>Mon, 06 Sep 2021 03:05:48 +0000</pubDate>
		<dc:creator>ktnjames</dc:creator>
		<guid isPermaLink="false">http://appredesign224670826.files.wordpress.com/2021/09/0d5e9c48-20df-4eb6-81e8-d6c16a1ab32b.jpeg</guid>
		<description></description>
		<content:encoded><![CDATA[]]></content:encoded>
		<excerpt:encoded><![CDATA[{"subsource":"done_button","uid":"B124A934-4BBC-48CB-A159-68187AC6E4B9_1630894499714","source":"other","origin":"gallery","is_remix":false,"used_sources":"{\"version\":1,\"sources\":[]}","source_sid":"B124A934-4BBC-48CB-A159-68187AC6E4B9_1630895500366","premium_sources":[],"fte_sources":[]}]]></excerpt:encoded>
		<wp:post_id>35</wp:post_id>
		<wp:post_date>2021-09-05 23:05:48</wp:post_date>
		<wp:post_date_gmt>2021-09-06 03:05:48</wp:post_date_gmt>
		<wp:comment_status>open</wp:comment_status>
		<wp:ping_status>closed</wp:ping_status>
		<wp:post_name>0d5e9c48-20df-4eb6-81e8-d6c16a1ab32b</wp:post_name>
		<wp:status>inherit</wp:status>
		<wp:post_parent>0</wp:post_parent>
		<wp:menu_order>0</wp:menu_order>
		<wp:post_type>attachment</wp:post_type>
		<wp:post_password></wp:post_password>
		<wp:is_sticky>0</wp:is_sticky>
		<wp:attachment_url>https://appredesign224670826.files.wordpress.com/2021/09/0d5e9c48-20df-4eb6-81e8-d6c16a1ab32b.jpeg</wp:attachment_url>
		<wp:postmeta>
			<wp:meta_key>_wp_attached_file</wp:meta_key>
			<wp:meta_value><![CDATA[/home/wpcom/public_html/wp-content/blogs.dir/001/197313615/files/2021/09/0d5e9c48-20df-4eb6-81e8-d6c16a1ab32b.jpeg]]></wp:meta_value>
		</wp:postmeta>
		<wp:postmeta>
			<wp:meta_key>_wp_attachment_metadata</wp:meta_key>
			<wp:meta_value><![CDATA[a:6:{s:5:"width";i:1170;s:6:"height";i:2532;s:4:"file";s:114:"/home/wpcom/public_html/wp-content/blogs.dir/001/197313615/files/2021/09/0d5e9c48-20df-4eb6-81e8-d6c16a1ab32b.jpeg";s:5:"sizes";a:0:{}s:10:"image_meta";a:12:{s:8:"aperture";s:1:"0";s:6:"credit";s:13:"aelinelentyia";s:6:"camera";s:0:"";s:7:"caption";s:287:"{"subsource":"done_button","uid":"B124A934-4BBC-48CB-A159-68187AC6E4B9_1630894499714","source":"other","origin":"gallery","is_remix":false,"used_sources":"{"version":1,"sources":[]}","source_sid":"B124A934-4BBC-48CB-A159-68187AC6E4B9_1630895500366","premium_sources":[],"fte_sources":[]}";s:17:"created_timestamp";s:0:"";s:9:"copyright";s:0:"";s:12:"focal_length";s:1:"0";s:3:"iso";s:1:"0";s:13:"shutter_speed";s:1:"0";s:5:"title";s:0:"";s:11:"orientation";s:1:"1";s:8:"keywords";a:0:{}}s:8:"filesize";i:374405;}]]></wp:meta_value>
		</wp:postmeta>
	</item>
	<item>
		<title>d5c1b0ca-4090-4dfa-bd9d-b0a7062fa142</title>
		<link>https://appredesign224670826.wordpress.com/d5c1b0ca-4090-4dfa-bd9d-b0a7062fa142/</link>
		<pubDate>Mon, 06 Sep 2021 03:05:50 +0000</pubDate>
		<dc:creator>ktnjames</dc:creator>
		<guid isPermaLink="false">http://appredesign224670826.files.wordpress.com/2021/09/d5c1b0ca-4090-4dfa-bd9d-b0a7062fa142.jpeg</guid>
		<description></description>
		<content:encoded><![CDATA[]]></content:encoded>
		<excerpt:encoded><![CDATA[{"subsource":"done_button","uid":"B124A934-4BBC-48CB-A159-68187AC6E4B9_1630894499714","source":"other","origin":"gallery","is_remix":false,"used_sources":"{\"version\":1,\"sources\":[]}","source_sid":"B124A934-4BBC-48CB-A159-68187AC6E4B9_1630895379521","premium_sources":[],"fte_sources":[]}]]></excerpt:encoded>
		<wp:post_id>36</wp:post_id>
		<wp:post_date>2021-09-05 23:05:50</wp:post_date>
		<wp:post_date_gmt>2021-09-06 03:05:50</wp:post_date_gmt>
		<wp:comment_status>open</wp:comment_status>
		<wp:ping_status>closed</wp:ping_status>
		<wp:post_name>d5c1b0ca-4090-4dfa-bd9d-b0a7062fa142</wp:post_name>
		<wp:status>inherit</wp:status>
		<wp:post_parent>0</wp:post_parent>
		<wp:menu_order>0</wp:menu_order>
		<wp:post_type>attachment</wp:post_type>
		<wp:post_password></wp:post_password>
		<wp:is_sticky>0</wp:is_sticky>
		<wp:attachment_url>https://appredesign224670826.files.wordpress.com/2021/09/d5c1b0ca-4090-4dfa-bd9d-b0a7062fa142.jpeg</wp:attachment_url>
		<wp:postmeta>
			<wp:meta_key>_wp_attached_file</wp:meta_key>
			<wp:meta_value><![CDATA[/home/wpcom/public_html/wp-content/blogs.dir/001/197313615/files/2021/09/d5c1b0ca-4090-4dfa-bd9d-b0a7062fa142.jpeg]]></wp:meta_value>
		</wp:postmeta>
		<wp:postmeta>
			<wp:meta_key>_wp_attachment_metadata</wp:meta_key>
			<wp:meta_value><![CDATA[a:6:{s:5:"width";i:1170;s:6:"height";i:2532;s:4:"file";s:114:"/home/wpcom/public_html/wp-content/blogs.dir/001/197313615/files/2021/09/d5c1b0ca-4090-4dfa-bd9d-b0a7062fa142.jpeg";s:5:"sizes";a:0:{}s:10:"image_meta";a:12:{s:8:"aperture";s:1:"0";s:6:"credit";s:13:"aelinelentyia";s:6:"camera";s:0:"";s:7:"caption";s:287:"{"subsource":"done_button","uid":"B124A934-4BBC-48CB-A159-68187AC6E4B9_1630894499714","source":"other","origin":"gallery","is_remix":false,"used_sources":"{"version":1,"sources":[]}","source_sid":"B124A934-4BBC-48CB-A159-68187AC6E4B9_1630895379521","premium_sources":[],"fte_sources":[]}";s:17:"created_timestamp";s:10:"1630881116";s:9:"copyright";s:0:"";s:12:"focal_length";s:1:"0";s:3:"iso";s:1:"0";s:13:"shutter_speed";s:1:"0";s:5:"title";s:0:"";s:11:"orientation";s:1:"1";s:8:"keywords";a:0:{}}s:8:"filesize";i:325983;}]]></wp:meta_value>
		</wp:postmeta>
	</item>
	<item>
		<title>0d5e9c48-20df-4eb6-81e8-d6c16a1ab32b-1</title>
		<link>https://appredesign224670826.wordpress.com/0d5e9c48-20df-4eb6-81e8-d6c16a1ab32b-1/</link>
		<pubDate>Mon, 06 Sep 2021 03:07:01 +0000</pubDate>
		<dc:creator>ktnjames</dc:creator>
		<guid isPermaLink="false">http://appredesign224670826.files.wordpress.com/2021/09/0d5e9c48-20df-4eb6-81e8-d6c16a1ab32b-1.jpeg</guid>
		<description></description>
		<content:encoded><![CDATA[]]></content:encoded>
		<excerpt:encoded><![CDATA[{"subsource":"done_button","uid":"B124A934-4BBC-48CB-A159-68187AC6E4B9_1630894499714","source":"other","origin":"gallery","is_remix":false,"used_sources":"{\"version\":1,\"sources\":[]}","source_sid":"B124A934-4BBC-48CB-A159-68187AC6E4B9_1630895500366","premium_sources":[],"fte_sources":[]}]]></excerpt:encoded>
		<wp:post_id>39</wp:post_id>
		<wp:post_date>2021-09-05 23:07:01</wp:post_date>
		<wp:post_date_gmt>2021-09-06 03:07:01</wp:post_date_gmt>
		<wp:comment_status>open</wp:comment_status>
		<wp:ping_status>closed</wp:ping_status>
		<wp:post_name>0d5e9c48-20df-4eb6-81e8-d6c16a1ab32b-1</wp:post_name>
		<wp:status>inherit</wp:status>
		<wp:post_parent>0</wp:post_parent>
		<wp:menu_order>0</wp:menu_order>
		<wp:post_type>attachment</wp:post_type>
		<wp:post_password></wp:post_password>
		<wp:is_sticky>0</wp:is_sticky>
		<wp:attachment_url>https://appredesign224670826.files.wordpress.com/2021/09/0d5e9c48-20df-4eb6-81e8-d6c16a1ab32b-1.jpeg</wp:attachment_url>
		<wp:postmeta>
			<wp:meta_key>_wp_attached_file</wp:meta_key>
			<wp:meta_value><![CDATA[/home/wpcom/public_html/wp-content/blogs.dir/001/197313615/files/2021/09/0d5e9c48-20df-4eb6-81e8-d6c16a1ab32b-1.jpeg]]></wp:meta_value>
		</wp:postmeta>
		<wp:postmeta>
			<wp:meta_key>_wp_attachment_metadata</wp:meta_key>
			<wp:meta_value><![CDATA[a:6:{s:5:"width";i:1170;s:6:"height";i:2532;s:4:"file";s:116:"/home/wpcom/public_html/wp-content/blogs.dir/001/197313615/files/2021/09/0d5e9c48-20df-4eb6-81e8-d6c16a1ab32b-1.jpeg";s:5:"sizes";a:0:{}s:10:"image_meta";a:12:{s:8:"aperture";s:1:"0";s:6:"credit";s:13:"aelinelentyia";s:6:"camera";s:0:"";s:7:"caption";s:287:"{"subsource":"done_button","uid":"B124A934-4BBC-48CB-A159-68187AC6E4B9_1630894499714","source":"other","origin":"gallery","is_remix":false,"used_sources":"{"version":1,"sources":[]}","source_sid":"B124A934-4BBC-48CB-A159-68187AC6E4B9_1630895500366","premium_sources":[],"fte_sources":[]}";s:17:"created_timestamp";s:0:"";s:9:"copyright";s:0:"";s:12:"focal_length";s:1:"0";s:3:"iso";s:1:"0";s:13:"shutter_speed";s:1:"0";s:5:"title";s:0:"";s:11:"orientation";s:1:"1";s:8:"keywords";a:0:{}}s:8:"filesize";i:374405;}]]></wp:meta_value>
		</wp:postmeta>
	</item>
	<item>
		<title>0d5e9c48-20df-4eb6-81e8-d6c16a1ab32b-2</title>
		<link>https://appredesign224670826.wordpress.com/0d5e9c48-20df-4eb6-81e8-d6c16a1ab32b-2/</link>
		<pubDate>Mon, 06 Sep 2021 03:07:32 +0000</pubDate>
		<dc:creator>ktnjames</dc:creator>
		<guid isPermaLink="false">http://appredesign224670826.files.wordpress.com/2021/09/0d5e9c48-20df-4eb6-81e8-d6c16a1ab32b-2.jpeg</guid>
		<description></description>
		<content:encoded><![CDATA[]]></content:encoded>
		<excerpt:encoded><![CDATA[{"subsource":"done_button","uid":"B124A934-4BBC-48CB-A159-68187AC6E4B9_1630894499714","source":"other","origin":"gallery","is_remix":false,"used_sources":"{\"version\":1,\"sources\":[]}","source_sid":"B124A934-4BBC-48CB-A159-68187AC6E4B9_1630895500366","premium_sources":[],"fte_sources":[]}]]></excerpt:encoded>
		<wp:post_id>40</wp:post_id>
		<wp:post_date>2021-09-05 23:07:32</wp:post_date>
		<wp:post_date_gmt>2021-09-06 03:07:32</wp:post_date_gmt>
		<wp:comment_status>open</wp:comment_status>
		<wp:ping_status>closed</wp:ping_status>
		<wp:post_name>0d5e9c48-20df-4eb6-81e8-d6c16a1ab32b-2</wp:post_name>
		<wp:status>inherit</wp:status>
		<wp:post_parent>0</wp:post_parent>
		<wp:menu_order>0</wp:menu_order>
		<wp:post_type>attachment</wp:post_type>
		<wp:post_password></wp:post_password>
		<wp:is_sticky>0</wp:is_sticky>
		<wp:attachment_url>https://appredesign224670826.files.wordpress.com/2021/09/0d5e9c48-20df-4eb6-81e8-d6c16a1ab32b-2.jpeg</wp:attachment_url>
		<wp:postmeta>
			<wp:meta_key>_wp_attached_file</wp:meta_key>
			<wp:meta_value><![CDATA[/home/wpcom/public_html/wp-content/blogs.dir/001/197313615/files/2021/09/0d5e9c48-20df-4eb6-81e8-d6c16a1ab32b-2.jpeg]]></wp:meta_value>
		</wp:postmeta>
		<wp:postmeta>
			<wp:meta_key>_wp_attachment_metadata</wp:meta_key>
			<wp:meta_value><![CDATA[a:6:{s:5:"width";i:1170;s:6:"height";i:2532;s:4:"file";s:116:"/home/wpcom/public_html/wp-content/blogs.dir/001/197313615/files/2021/09/0d5e9c48-20df-4eb6-81e8-d6c16a1ab32b-2.jpeg";s:5:"sizes";a:0:{}s:10:"image_meta";a:12:{s:8:"aperture";s:1:"0";s:6:"credit";s:13:"aelinelentyia";s:6:"camera";s:0:"";s:7:"caption";s:287:"{"subsource":"done_button","uid":"B124A934-4BBC-48CB-A159-68187AC6E4B9_1630894499714","source":"other","origin":"gallery","is_remix":false,"used_sources":"{"version":1,"sources":[]}","source_sid":"B124A934-4BBC-48CB-A159-68187AC6E4B9_1630895500366","premium_sources":[],"fte_sources":[]}";s:17:"created_timestamp";s:0:"";s:9:"copyright";s:0:"";s:12:"focal_length";s:1:"0";s:3:"iso";s:1:"0";s:13:"shutter_speed";s:1:"0";s:5:"title";s:0:"";s:11:"orientation";s:1:"1";s:8:"keywords";a:0:{}}s:8:"filesize";i:374405;}]]></wp:meta_value>
		</wp:postmeta>
	</item>
	<item>
		<title>d5c1b0ca-4090-4dfa-bd9d-b0a7062fa142-1</title>
		<link>https://appredesign224670826.wordpress.com/d5c1b0ca-4090-4dfa-bd9d-b0a7062fa142-1/</link>
		<pubDate>Mon, 06 Sep 2021 03:08:49 +0000</pubDate>
		<dc:creator>ktnjames</dc:creator>
		<guid isPermaLink="false">http://appredesign224670826.files.wordpress.com/2021/09/d5c1b0ca-4090-4dfa-bd9d-b0a7062fa142-1.jpeg</guid>
		<description></description>
		<content:encoded><![CDATA[]]></content:encoded>
		<excerpt:encoded><![CDATA[{"subsource":"done_button","uid":"B124A934-4BBC-48CB-A159-68187AC6E4B9_1630894499714","source":"other","origin":"gallery","is_remix":false,"used_sources":"{\"version\":1,\"sources\":[]}","source_sid":"B124A934-4BBC-48CB-A159-68187AC6E4B9_1630895379521","premium_sources":[],"fte_sources":[]}]]></excerpt:encoded>
		<wp:post_id>41</wp:post_id>
		<wp:post_date>2021-09-05 23:08:49</wp:post_date>
		<wp:post_date_gmt>2021-09-06 03:08:49</wp:post_date_gmt>
		<wp:comment_status>open</wp:comment_status>
		<wp:ping_status>closed</wp:ping_status>
		<wp:post_name>d5c1b0ca-4090-4dfa-bd9d-b0a7062fa142-1</wp:post_name>
		<wp:status>inherit</wp:status>
		<wp:post_parent>0</wp:post_parent>
		<wp:menu_order>0</wp:menu_order>
		<wp:post_type>attachment</wp:post_type>
		<wp:post_password></wp:post_password>
		<wp:is_sticky>0</wp:is_sticky>
		<wp:attachment_url>https://appredesign224670826.files.wordpress.com/2021/09/d5c1b0ca-4090-4dfa-bd9d-b0a7062fa142-1.jpeg</wp:attachment_url>
		<wp:postmeta>
			<wp:meta_key>_wp_attached_file</wp:meta_key>
			<wp:meta_value><![CDATA[/home/wpcom/public_html/wp-content/blogs.dir/001/197313615/files/2021/09/d5c1b0ca-4090-4dfa-bd9d-b0a7062fa142-1.jpeg]]></wp:meta_value>
		</wp:postmeta>
		<wp:postmeta>
			<wp:meta_key>_wp_attachment_metadata</wp:meta_key>
			<wp:meta_value><![CDATA[a:6:{s:5:"width";i:1170;s:6:"height";i:2532;s:4:"file";s:116:"/home/wpcom/public_html/wp-content/blogs.dir/001/197313615/files/2021/09/d5c1b0ca-4090-4dfa-bd9d-b0a7062fa142-1.jpeg";s:5:"sizes";a:0:{}s:10:"image_meta";a:12:{s:8:"aperture";s:1:"0";s:6:"credit";s:13:"aelinelentyia";s:6:"camera";s:0:"";s:7:"caption";s:287:"{"subsource":"done_button","uid":"B124A934-4BBC-48CB-A159-68187AC6E4B9_1630894499714","source":"other","origin":"gallery","is_remix":false,"used_sources":"{"version":1,"sources":[]}","source_sid":"B124A934-4BBC-48CB-A159-68187AC6E4B9_1630895379521","premium_sources":[],"fte_sources":[]}";s:17:"created_timestamp";s:10:"1630881116";s:9:"copyright";s:0:"";s:12:"focal_length";s:1:"0";s:3:"iso";s:1:"0";s:13:"shutter_speed";s:1:"0";s:5:"title";s:0:"";s:11:"orientation";s:1:"1";s:8:"keywords";a:0:{}}s:8:"filesize";i:325983;}]]></wp:meta_value>
		</wp:postmeta>
	</item>
	<item>
		<title>screen-shot-2021-09-05-at-11.15.37-pm</title>
		<link>https://appredesign224670826.wordpress.com/screen-shot-2021-09-05-at-11-15-37-pm/</link>
		<pubDate>Mon, 06 Sep 2021 03:16:20 +0000</pubDate>
		<dc:creator>ktnjames</dc:creator>
		<guid isPermaLink="false">http://appredesign224670826.files.wordpress.com/2021/09/screen-shot-2021-09-05-at-11.15.37-pm.png</guid>
		<description></description>
		<content:encoded><![CDATA[]]></content:encoded>
		<excerpt:encoded><![CDATA[]]></excerpt:encoded>
		<wp:post_id>44</wp:post_id>
		<wp:post_date>2021-09-05 23:16:20</wp:post_date>
		<wp:post_date_gmt>2021-09-06 03:16:20</wp:post_date_gmt>
		<wp:comment_status>open</wp:comment_status>
		<wp:ping_status>closed</wp:ping_status>
		<wp:post_name>screen-shot-2021-09-05-at-11-15-37-pm</wp:post_name>
		<wp:status>inherit</wp:status>
		<wp:post_parent>0</wp:post_parent>
		<wp:menu_order>0</wp:menu_order>
		<wp:post_type>attachment</wp:post_type>
		<wp:post_password></wp:post_password>
		<wp:is_sticky>0</wp:is_sticky>
		<wp:attachment_url>https://appredesign224670826.files.wordpress.com/2021/09/screen-shot-2021-09-05-at-11.15.37-pm.png</wp:attachment_url>
		<wp:postmeta>
			<wp:meta_key>_wp_attached_file</wp:meta_key>
			<wp:meta_value><![CDATA[/home/wpcom/public_html/wp-content/blogs.dir/001/197313615/files/2021/09/screen-shot-2021-09-05-at-11.15.37-pm.png]]></wp:meta_value>
		</wp:postmeta>
		<wp:postmeta>
			<wp:meta_key>_wp_attachment_metadata</wp:meta_key>
			<wp:meta_value><![CDATA[a:6:{s:5:"width";i:1142;s:6:"height";i:574;s:4:"file";s:114:"/home/wpcom/public_html/wp-content/blogs.dir/001/197313615/files/2021/09/screen-shot-2021-09-05-at-11.15.37-pm.png";s:5:"sizes";a:0:{}s:10:"image_meta";a:12:{s:8:"aperture";s:1:"0";s:6:"credit";s:0:"";s:6:"camera";s:0:"";s:7:"caption";s:0:"";s:17:"created_timestamp";s:1:"0";s:9:"copyright";s:0:"";s:12:"focal_length";s:1:"0";s:3:"iso";s:1:"0";s:13:"shutter_speed";s:1:"0";s:5:"title";s:0:"";s:11:"orientation";s:1:"0";s:8:"keywords";a:0:{}}s:8:"filesize";i:52456;}]]></wp:meta_value>
		</wp:postmeta>
	</item>
	<item>
		<title>screen-shot-2021-09-05-at-11.15.46-pm</title>
		<link>https://appredesign224670826.wordpress.com/screen-shot-2021-09-05-at-11-15-46-pm/</link>
		<pubDate>Mon, 06 Sep 2021 03:16:26 +0000</pubDate>
		<dc:creator>ktnjames</dc:creator>
		<guid isPermaLink="false">http://appredesign224670826.files.wordpress.com/2021/09/screen-shot-2021-09-05-at-11.15.46-pm.png</guid>
		<description></description>
		<content:encoded><![CDATA[]]></content:encoded>
		<excerpt:encoded><![CDATA[]]></excerpt:encoded>
		<wp:post_id>45</wp:post_id>
		<wp:post_date>2021-09-05 23:16:26</wp:post_date>
		<wp:post_date_gmt>2021-09-06 03:16:26</wp:post_date_gmt>
		<wp:comment_status>open</wp:comment_status>
		<wp:ping_status>closed</wp:ping_status>
		<wp:post_name>screen-shot-2021-09-05-at-11-15-46-pm</wp:post_name>
		<wp:status>inherit</wp:status>
		<wp:post_parent>0</wp:post_parent>
		<wp:menu_order>0</wp:menu_order>
		<wp:post_type>attachment</wp:post_type>
		<wp:post_password></wp:post_password>
		<wp:is_sticky>0</wp:is_sticky>
		<wp:attachment_url>https://appredesign224670826.files.wordpress.com/2021/09/screen-shot-2021-09-05-at-11.15.46-pm.png</wp:attachment_url>
		<wp:postmeta>
			<wp:meta_key>_wp_attached_file</wp:meta_key>
			<wp:meta_value><![CDATA[/home/wpcom/public_html/wp-content/blogs.dir/001/197313615/files/2021/09/screen-shot-2021-09-05-at-11.15.46-pm.png]]></wp:meta_value>
		</wp:postmeta>
		<wp:postmeta>
			<wp:meta_key>_wp_attachment_metadata</wp:meta_key>
			<wp:meta_value><![CDATA[a:6:{s:5:"width";i:1190;s:6:"height";i:564;s:4:"file";s:114:"/home/wpcom/public_html/wp-content/blogs.dir/001/197313615/files/2021/09/screen-shot-2021-09-05-at-11.15.46-pm.png";s:5:"sizes";a:0:{}s:10:"image_meta";a:12:{s:8:"aperture";s:1:"0";s:6:"credit";s:0:"";s:6:"camera";s:0:"";s:7:"caption";s:0:"";s:17:"created_timestamp";s:1:"0";s:9:"copyright";s:0:"";s:12:"focal_length";s:1:"0";s:3:"iso";s:1:"0";s:13:"shutter_speed";s:1:"0";s:5:"title";s:0:"";s:11:"orientation";s:1:"0";s:8:"keywords";a:0:{}}s:8:"filesize";i:46181;}]]></wp:meta_value>
		</wp:postmeta>
	</item>
	<item>
		<title>screen-shot-2021-09-05-at-11.15.58-pm</title>
		<link>https://appredesign224670826.wordpress.com/screen-shot-2021-09-05-at-11-15-58-pm/</link>
		<pubDate>Mon, 06 Sep 2021 03:16:36 +0000</pubDate>
		<dc:creator>ktnjames</dc:creator>
		<guid isPermaLink="false">http://appredesign224670826.files.wordpress.com/2021/09/screen-shot-2021-09-05-at-11.15.58-pm.png</guid>
		<description></description>
		<content:encoded><![CDATA[]]></content:encoded>
		<excerpt:encoded><![CDATA[]]></excerpt:encoded>
		<wp:post_id>46</wp:post_id>
		<wp:post_date>2021-09-05 23:16:36</wp:post_date>
		<wp:post_date_gmt>2021-09-06 03:16:36</wp:post_date_gmt>
		<wp:comment_status>open</wp:comment_status>
		<wp:ping_status>closed</wp:ping_status>
		<wp:post_name>screen-shot-2021-09-05-at-11-15-58-pm</wp:post_name>
		<wp:status>inherit</wp:status>
		<wp:post_parent>0</wp:post_parent>
		<wp:menu_order>0</wp:menu_order>
		<wp:post_type>attachment</wp:post_type>
		<wp:post_password></wp:post_password>
		<wp:is_sticky>0</wp:is_sticky>
		<wp:attachment_url>https://appredesign224670826.files.wordpress.com/2021/09/screen-shot-2021-09-05-at-11.15.58-pm.png</wp:attachment_url>
		<wp:postmeta>
			<wp:meta_key>_wp_attached_file</wp:meta_key>
			<wp:meta_value><![CDATA[/home/wpcom/public_html/wp-content/blogs.dir/001/197313615/files/2021/09/screen-shot-2021-09-05-at-11.15.58-pm.png]]></wp:meta_value>
		</wp:postmeta>
		<wp:postmeta>
			<wp:meta_key>_wp_attachment_metadata</wp:meta_key>
			<wp:meta_value><![CDATA[a:6:{s:5:"width";i:1342;s:6:"height";i:574;s:4:"file";s:114:"/home/wpcom/public_html/wp-content/blogs.dir/001/197313615/files/2021/09/screen-shot-2021-09-05-at-11.15.58-pm.png";s:5:"sizes";a:0:{}s:10:"image_meta";a:12:{s:8:"aperture";s:1:"0";s:6:"credit";s:0:"";s:6:"camera";s:0:"";s:7:"caption";s:0:"";s:17:"created_timestamp";s:1:"0";s:9:"copyright";s:0:"";s:12:"focal_length";s:1:"0";s:3:"iso";s:1:"0";s:13:"shutter_speed";s:1:"0";s:5:"title";s:0:"";s:11:"orientation";s:1:"0";s:8:"keywords";a:0:{}}s:8:"filesize";i:44132;}]]></wp:meta_value>
		</wp:postmeta>
	</item>
</channel>
</rss>
